"subscriptionId","resourceGroup","name","type","location","publicNetworkAccess","networkAcls","minTlsVersion","tags"
"44444444-4444-4444-4444-444444444444","rg-contoso-data-prod-eastus-001","stcontosodataprod001","microsoft.storage/storageaccounts","eastus","Enabled","Deny","TLS1_2","{""environment"":""prod"",""owner"":""team-finance"",""costCenter"":""CC1025"",""workload"":""contoso-data""}"
"22222222-2222-2222-2222-222222222222","rg-contoso-web-prod-westus3-001","stcontosowebprod001","microsoft.storage/storageaccounts","westus3","Disabled","Deny","TLS1_1","{""environment"":""prod"",""owner"":""team-ml"",""costCenter"":""CC1028"",""workload"":""contoso-web"",""dataClassification"":""public""}"
"44444444-4444-4444-4444-444444444444","rg-trader-desk-prod-westus3-001","sttraderdeskprod001","microsoft.storage/storageaccounts","westus3","Disabled","Allow","TLS1_2","{""environment"":""prod"",""owner"":""team-platform"",""costCenter"":""CC1025"",""workload"":""trader-desk"",""dataClassification"":""internal""}"
"33333333-3333-3333-3333-333333333333","rg-trader-desk-nonprod-eastus-001","sttraderdesknonprod001","microsoft.storage/storageaccounts","eastus","Disabled","Allow","TLS1_0","{""environment"":""nonprod"",""owner"":""team-finance"",""costCenter"":""CC1002""}"
"11111111-1111-1111-1111-111111111111","rg-contoso-ml-prod-westeurope-001","stcontosomlprod001","microsoft.storage/storageaccounts","westeurope","Disabled","Deny","TLS1_2","{""environment"":""prod"",""owner"":""team-ml"",""costCenter"":""CC1025"",""workload"":""contoso-ml""}"
"44444444-4444-4444-4444-444444444444","rg-finance-ledger-prod-eastus2-001","stfinanceledgerprod001","microsoft.storage/storageaccounts","eastus2","Disabled","Deny","TLS1_2","{""environment"":""prod"",""owner"":""team-platform"",""costCenter"":""CC1003"",""workload"":""finance-ledger"",""dataClassification"":""confidential""}"
"33333333-3333-3333-3333-333333333333","rg-hr-portal-nonprod-westus2-001","sthrportalnonprod001","microsoft.storage/storageaccounts","westus2","SecuredByPerimeter","Deny","TLS1_1","{""environment"":""nonprod"",""owner"":""team-platform"",""costCenter"":""CC1001""}"
"33333333-3333-3333-3333-333333333333","rg-contoso-api-nonprod-westus3-001","stcontosoapinonprod001","microsoft.storage/storageaccounts","westus3","Enabled","Deny","TLS1_2","{""environment"":""nonprod"",""owner"":""team-platform"",""costCenter"":""CC1039"",""workload"":""contoso-api""}"
"22222222-2222-2222-2222-222222222222","rg-marketing-cms-prod-westus3-001","stmarketingcmsprod001","microsoft.storage/storageaccounts","westus3","Enabled","Allow","TLS1_2","{""environment"":""prod"",""owner"":""team-iot"",""costCenter"":""CC1016"",""dataClassification"":""public""}"
"33333333-3333-3333-3333-333333333333","rg-contoso-web-nonprod-westeurope-001","stcontosowebnonprod001","microsoft.storage/storageaccounts","westeurope","Enabled","Deny","TLS1_2","{""environment"":""nonprod"",""owner"":""team-data"",""costCenter"":""CC1025""}"
"44444444-4444-4444-4444-444444444444","rg-fabrikam-iot-prod-eastus2-001","stfabrikamiotprod001","microsoft.storage/storageaccounts","eastus2","Disabled","Deny","TLS1_2","{""environment"":""prod"",""owner"":""team-finance"",""costCenter"":""CC1046"",""workload"":""fabrikam-iot"",""dataClassification"":""internal""}"
"11111111-1111-1111-1111-111111111111","rg-contoso-ml-prod-westus3-001","stcontosomlprod002","microsoft.storage/storageaccounts","westus3","Enabled","Allow","TLS1_2","{""environment"":""prod"",""owner"":""team-web"",""costCenter"":""CC1005"",""workload"":""contoso-ml""}"
"44444444-4444-4444-4444-444444444444","rg-trader-desk-prod-eastus-001","sttraderdeskprod002","microsoft.storage/storageaccounts","eastus","Disabled","Deny","TLS1_2","{""environment"":""prod"",""owner"":""team-platform"",""costCenter"":""CC1042"",""workload"":""trader-desk""}"
"44444444-4444-4444-4444-444444444444","rg-finance-ledger-prod-eastus2-001","stfinanceledgerprod002","microsoft.storage/storageaccounts","eastus2","Enabled","Deny","TLS1_2","{""environment"":""prod"",""owner"":""team-ml"",""costCenter"":""CC1046""}"
"11111111-1111-1111-1111-111111111111","rg-marketing-cms-prod-eastus2-001","stmarketingcmsprod002","microsoft.storage/storageaccounts","eastus2","Disabled","Allow","TLS1_2","{""environment"":""prod"",""owner"":""team-ml"",""costCenter"":""CC1029"",""workload"":""marketing-cms""}"
"33333333-3333-3333-3333-333333333333","rg-contoso-api-nonprod-northeurope-001","stcontosoapinonprod002","microsoft.storage/storageaccounts","northeurope","Enabled","Allow","TLS1_2","{""environment"":""nonprod"",""owner"":""team-finance"",""costCenter"":""CC1006"",""workload"":""contoso-api"",""dataClassification"":""internal""}"
"55555555-5555-5555-5555-555555555555","rg-fabrikam-iot-sbx-westus2-001","stfabrikamiotsbx001","microsoft.storage/storageaccounts","westus2","Enabled","Allow","TLS1_2","{""environment"":""sbx"",""owner"":""team-hr"",""costCenter"":""CC1048"",""dataClassification"":""internal""}"
"33333333-3333-3333-3333-333333333333","rg-finance-ledger-nonprod-northeurope-001","stfinanceledgernonprod00","microsoft.storage/storageaccounts","northeurope","Disabled","Deny","TLS1_2","{""environment"":""nonprod"",""owner"":""team-security"",""costCenter"":""CC1040"",""workload"":""finance-ledger""}"
"44444444-4444-4444-4444-444444444444","rg-contoso-ml-prod-eastus2-001","stcontosomlprod003","microsoft.storage/storageaccounts","eastus2","Disabled","Deny","TLS1_2","{""environment"":""prod"",""owner"":""team-ml"",""costCenter"":""CC1040""}"
"55555555-5555-5555-5555-555555555555","rg-claims-engine-sbx-westus2-001","stclaimsenginesbx001","microsoft.storage/storageaccounts","westus2","Disabled","Allow","TLS1_1","{""environment"":""sbx"",""owner"":""team-marketing"",""costCenter"":""CC1025"",""dataClassification"":""confidential""}"
"22222222-2222-2222-2222-222222222222","rg-hr-portal-prod-westeurope-001","sthrportalprod001","microsoft.storage/storageaccounts","westeurope","Disabled","Deny","TLS1_2","{""environment"":""prod"",""owner"":""team-data"",""costCenter"":""CC1046"",""workload"":""hr-portal"",""dataClassification"":""internal""}"
"22222222-2222-2222-2222-222222222222","rg-contoso-ml-prod-eastus2-001","stcontosomlprod004","microsoft.storage/storageaccounts","eastus2","Disabled","Deny","TLS1_2","{""environment"":""prod"",""owner"":""team-ml"",""costCenter"":""CC1038""}"
"22222222-2222-2222-2222-222222222222","rg-marketing-cms-prod-eastus2-001","stmarketingcmsprod003","microsoft.storage/storageaccounts","eastus2","Disabled","Deny","TLS1_2","{""environment"":""prod"",""owner"":""team-data"",""costCenter"":""CC1047"",""workload"":""marketing-cms""}"
"55555555-5555-5555-5555-555555555555","rg-contoso-web-sbx-northeurope-001","stcontosowebsbx001","microsoft.storage/storageaccounts","northeurope","Enabled","Deny","TLS1_1","{""environment"":""sbx"",""owner"":""team-security"",""costCenter"":""CC1000""}"
"44444444-4444-4444-4444-444444444444","rg-finance-ledger-prod-northeurope-001","stfinanceledgerprod003","microsoft.storage/storageaccounts","northeurope","Disabled","Deny","TLS1_2","{""environment"":""prod"",""owner"":""team-ml"",""costCenter"":""CC1032"",""workload"":""finance-ledger""}"
"33333333-3333-3333-3333-333333333333","rg-contoso-api-nonprod-westus2-001","stcontosoapinonprod003","microsoft.storage/storageaccounts","westus2","Disabled","Allow","TLS1_2","{""environment"":""nonprod"",""owner"":""team-data"",""costCenter"":""CC1033"",""workload"":""contoso-api"",""dataClassification"":""confidential""}"
"22222222-2222-2222-2222-222222222222","rg-claims-engine-prod-westus2-001","stclaimsengineprod001","microsoft.storage/storageaccounts","westus2","Disabled","Deny","TLS1_2","{""environment"":""prod"",""owner"":""team-platform"",""costCenter"":""CC1032"",""workload"":""claims-engine""}"
"11111111-1111-1111-1111-111111111111","rg-finance-ledger-prod-eastus2-001","stfinanceledgerprod004","microsoft.storage/storageaccounts","eastus2","Disabled","Deny","TLS1_2","{""environment"":""prod"",""owner"":""team-hr"",""costCenter"":""CC1021"",""workload"":""finance-ledger"",""dataClassification"":""confidential""}"
"33333333-3333-3333-3333-333333333333","rg-hr-portal-nonprod-westeurope-001","sthrportalnonprod002","microsoft.storage/storageaccounts","westeurope","Disabled","Allow","TLS1_2","{""environment"":""nonprod"",""owner"":""team-web"",""costCenter"":""CC1015"",""workload"":""hr-portal""}"
"44444444-4444-4444-4444-444444444444","rg-contoso-web-prod-westus3-001","stcontosowebprod002","microsoft.storage/storageaccounts","westus3","Disabled","Deny","TLS1_2","{""environment"":""prod"",""owner"":""team-iot"",""costCenter"":""CC1002"",""workload"":""contoso-web""}"
"11111111-1111-1111-1111-111111111111","rg-hr-portal-prod-westus2-001","sthrportalprod002","microsoft.storage/storageaccounts","westus2","Disabled","Deny","TLS1_2","{""environment"":""prod"",""owner"":""team-platform"",""costCenter"":""CC1035"",""workload"":""hr-portal"",""dataClassification"":""internal""}"
"44444444-4444-4444-4444-444444444444","rg-platform-shared-prod-northeurope-001","stplatformsharedprod001","microsoft.storage/storageaccounts","northeurope","Disabled","Allow","TLS1_2","{""environment"":""prod"",""owner"":""team-marketing"",""costCenter"":""CC1031""}"
"33333333-3333-3333-3333-333333333333","rg-contoso-web-nonprod-eastus-001","stcontosowebnonprod002","microsoft.storage/storageaccounts","eastus","Disabled","Allow","TLS1_2","{""environment"":""nonprod"",""owner"":""team-platform"",""costCenter"":""CC1007"",""workload"":""contoso-web"",""dataClassification"":""internal""}"
"11111111-1111-1111-1111-111111111111","rg-contoso-shop-prod-westus3-001","stcontososhopprod001","microsoft.storage/storageaccounts","westus3","Enabled","Allow","TLS1_2","{""environment"":""prod"",""owner"":""team-platform"",""costCenter"":""CC1041"",""workload"":""contoso-shop""}"
"11111111-1111-1111-1111-111111111111","rg-trader-desk-prod-eastus2-001","sttraderdeskprod003","microsoft.storage/storageaccounts","eastus2","Enabled","Deny","TLS1_2","{""environment"":""prod"",""owner"":""team-finance"",""costCenter"":""CC1004"",""workload"":""trader-desk""}"
"33333333-3333-3333-3333-333333333333","rg-fabrikam-iot-nonprod-northeurope-001","stfabrikamiotnonprod001","microsoft.storage/storageaccounts","northeurope","Disabled","Allow","TLS1_2","{""environment"":""nonprod"",""owner"":""team-iot"",""costCenter"":""CC1039""}"
"55555555-5555-5555-5555-555555555555","rg-finance-ledger-sbx-eastus-001","stfinanceledgersbx001","microsoft.storage/storageaccounts","eastus","Enabled","Allow","TLS1_1","{""environment"":""sbx"",""owner"":""team-security"",""costCenter"":""CC1048""}"
"33333333-3333-3333-3333-333333333333","rg-marketing-cms-nonprod-eastus2-001","stmarketingcmsnonprod001","microsoft.storage/storageaccounts","eastus2","Disabled","Allow","TLS1_2","{""environment"":""nonprod"",""owner"":""team-ml"",""costCenter"":""CC1045"",""workload"":""marketing-cms""}"
"22222222-2222-2222-2222-222222222222","rg-marketing-cms-prod-westus2-001","stmarketingcmsprod004","microsoft.storage/storageaccounts","westus2","Disabled","Allow","TLS1_2","{""environment"":""prod"",""owner"":""team-platform"",""costCenter"":""CC1048"",""workload"":""marketing-cms""}"
"44444444-4444-4444-4444-444444444444","rg-contoso-web-prod-eastus-001","stcontosowebprod003","microsoft.storage/storageaccounts","eastus","Disabled","Deny","TLS1_2","{""environment"":""prod"",""owner"":""team-data"",""costCenter"":""CC1019"",""workload"":""contoso-web""}"
"44444444-4444-4444-4444-444444444444","rg-contoso-web-prod-northeurope-001","stcontosowebprod004","microsoft.storage/storageaccounts","northeurope","Disabled","Deny","TLS1_2","{""environment"":""prod"",""owner"":""team-finance"",""costCenter"":""CC1043""}"
"55555555-5555-5555-5555-555555555555","rg-contoso-web-sbx-eastus2-001","stcontosowebsbx002","microsoft.storage/storageaccounts","eastus2","Enabled","Allow","TLS1_1","{""environment"":""sbx"",""owner"":""team-web"",""costCenter"":""CC1022""}"
"55555555-5555-5555-5555-555555555555","rg-contoso-web-sbx-northeurope-001","stcontosowebsbx003","microsoft.storage/storageaccounts","northeurope","Enabled","Allow","TLS1_2","{""environment"":""sbx"",""owner"":""team-data"",""costCenter"":""CC1038"",""workload"":""contoso-web""}"
"22222222-2222-2222-2222-222222222222","rg-contoso-api-prod-eastus-001","stcontosoapiprod001","microsoft.storage/storageaccounts","eastus","Enabled","Deny","TLS1_2","{""environment"":""prod"",""owner"":""team-data"",""costCenter"":""CC1017"",""workload"":""contoso-api""}"
"11111111-1111-1111-1111-111111111111","rg-finance-ledger-prod-westeurope-001","stfinanceledgerprod005","microsoft.storage/storageaccounts","westeurope","Disabled","Deny","TLS1_2","{""environment"":""prod"",""owner"":""team-web"",""costCenter"":""CC1014"",""workload"":""finance-ledger""}"
"11111111-1111-1111-1111-111111111111","rg-contoso-data-prod-northeurope-001","stcontosodataprod002","microsoft.storage/storageaccounts","northeurope","Disabled","Deny","TLS1_2","{""environment"":""prod"",""owner"":""team-web"",""costCenter"":""CC1021"",""dataClassification"":""internal""}"
"22222222-2222-2222-2222-222222222222","rg-fabrikam-iot-prod-northeurope-001","stfabrikamiotprod002","microsoft.storage/storageaccounts","northeurope","Disabled","Deny","TLS1_2","{""environment"":""prod"",""owner"":""team-platform"",""costCenter"":""CC1023"",""dataClassification"":""internal""}"
"22222222-2222-2222-2222-222222222222","rg-platform-shared-prod-westus3-001","stplatformsharedprod002","microsoft.storage/storageaccounts","westus3","Disabled","Deny","TLS1_2","{""environment"":""prod"",""owner"":""team-ml"",""costCenter"":""CC1002"",""workload"":""platform-shared"",""dataClassification"":""internal""}"
"22222222-2222-2222-2222-222222222222","rg-fabrikam-iot-prod-westus2-001","stfabrikamiotprod003","microsoft.storage/storageaccounts","westus2","Enabled","Deny","TLS1_1","{""environment"":""prod"",""owner"":""team-marketing"",""costCenter"":""CC1002"",""workload"":""fabrikam-iot""}"
"44444444-4444-4444-4444-444444444444","rg-marketing-cms-prod-northeurope-001","stmarketingcmsprod005","microsoft.storage/storageaccounts","northeurope","Disabled","Allow","TLS1_2","{""environment"":""prod"",""owner"":""team-platform"",""costCenter"":""CC1006"",""dataClassification"":""public""}"
"22222222-2222-2222-2222-222222222222","rg-contoso-shop-prod-eastus-001","stcontososhopprod002","microsoft.storage/storageaccounts","eastus","Enabled","Deny","TLS1_2","{""environment"":""prod"",""owner"":""team-ml"",""costCenter"":""CC1021"",""workload"":""contoso-shop""}"
"44444444-4444-4444-4444-444444444444","rg-marketing-cms-prod-westus3-001","stmarketingcmsprod006","microsoft.storage/storageaccounts","westus3","Disabled","Deny","TLS1_2","{""environment"":""prod"",""owner"":""team-web"",""costCenter"":""CC1014"",""workload"":""marketing-cms"",""dataClassification"":""restricted""}"
"55555555-5555-5555-5555-555555555555","rg-platform-shared-sbx-westeurope-001","stplatformsharedsbx001","microsoft.storage/storageaccounts","westeurope","Enabled","Allow","TLS1_0","{""environment"":""sbx"",""owner"":""team-ml"",""costCenter"":""CC1002"",""workload"":""platform-shared""}"
"44444444-4444-4444-4444-444444444444","rg-contoso-data-prod-westeurope-001","stcontosodataprod003","microsoft.storage/storageaccounts","westeurope","Enabled","Allow","TLS1_2","{""environment"":""prod"",""owner"":""team-security"",""costCenter"":""CC1020""}"
"11111111-1111-1111-1111-111111111111","rg-contoso-data-prod-northeurope-001","stcontosodataprod004","microsoft.storage/storageaccounts","northeurope","Enabled","Deny","TLS1_2","{""environment"":""prod"",""owner"":""team-finance"",""costCenter"":""CC1002"",""workload"":""contoso-data""}"
"44444444-4444-4444-4444-444444444444","rg-contoso-shop-prod-westus2-001","stcontososhopprod003","microsoft.storage/storageaccounts","westus2","Disabled","Allow","TLS1_0","{""environment"":""prod"",""owner"":""team-ml"",""costCenter"":""CC1012"",""workload"":""contoso-shop""}"
"33333333-3333-3333-3333-333333333333","rg-claims-engine-nonprod-northeurope-001","stclaimsenginenonprod001","microsoft.storage/storageaccounts","northeurope","Disabled","Allow","TLS1_0","{""environment"":""nonprod"",""owner"":""team-ml"",""costCenter"":""CC1008"",""workload"":""claims-engine""}"
"44444444-4444-4444-4444-444444444444","rg-contoso-web-prod-westeurope-001","stcontosowebprod005","microsoft.storage/storageaccounts","westeurope","Disabled","Allow","TLS1_1","{""environment"":""prod"",""owner"":""team-iot"",""costCenter"":""CC1026"",""workload"":""contoso-web""}"
"44444444-4444-4444-4444-444444444444","rg-finance-ledger-prod-eastus2-001","stfinanceledgerprod006","microsoft.storage/storageaccounts","eastus2","Disabled","Deny","TLS1_2","{""environment"":""prod"",""owner"":""team-iot"",""costCenter"":""CC1022""}"
"11111111-1111-1111-1111-111111111111","rg-hr-portal-prod-northeurope-001","sthrportalprod003","microsoft.storage/storageaccounts","northeurope","Disabled","Deny","TLS1_2","{""environment"":""prod"",""owner"":""team-iot"",""costCenter"":""CC1026""}"
"33333333-3333-3333-3333-333333333333","rg-contoso-api-nonprod-westus3-001","stcontosoapinonprod004","microsoft.storage/storageaccounts","westus3","Disabled","Allow","TLS1_1","{""environment"":""nonprod"",""owner"":""team-data"",""costCenter"":""CC1047""}"
"33333333-3333-3333-3333-333333333333","rg-contoso-data-nonprod-westus2-001","stcontosodatanonprod001","microsoft.storage/storageaccounts","westus2","Enabled","Allow","TLS1_2","{""environment"":""nonprod"",""owner"":""team-platform"",""costCenter"":""CC1045""}"
"44444444-4444-4444-4444-444444444444","rg-trader-desk-prod-eastus2-001","sttraderdeskprod004","microsoft.storage/storageaccounts","eastus2","SecuredByPerimeter","Allow","TLS1_2","{""environment"":""prod"",""owner"":""team-finance"",""costCenter"":""CC1045""}"
"44444444-4444-4444-4444-444444444444","rg-contoso-shop-prod-westeurope-001","stcontososhopprod004","microsoft.storage/storageaccounts","westeurope","Disabled","Deny","TLS1_1","{""environment"":""prod"",""owner"":""team-data"",""costCenter"":""CC1005"",""dataClassification"":""public""}"
"33333333-3333-3333-3333-333333333333","rg-finance-ledger-nonprod-eastus2-001","stfinanceledgernonprod00","microsoft.storage/storageaccounts","eastus2","Enabled","Allow","TLS1_2","{""environment"":""nonprod"",""owner"":""team-platform"",""costCenter"":""CC1036""}"
"44444444-4444-4444-4444-444444444444","rg-trader-desk-prod-northeurope-001","sttraderdeskprod005","microsoft.storage/storageaccounts","northeurope","Disabled","Deny","TLS1_2","{""environment"":""prod"",""owner"":""team-data"",""costCenter"":""CC1001"",""workload"":""trader-desk""}"
"44444444-4444-4444-4444-444444444444","rg-contoso-shop-prod-westus3-001","stcontososhopprod005","microsoft.storage/storageaccounts","westus3","Disabled","Deny","TLS1_2","{""environment"":""prod"",""owner"":""team-marketing"",""costCenter"":""CC1026""}"
"33333333-3333-3333-3333-333333333333","rg-contoso-data-nonprod-eastus-001","stcontosodatanonprod002","microsoft.storage/storageaccounts","eastus","Disabled","Allow","TLS1_2","{""environment"":""nonprod"",""owner"":""team-iot"",""costCenter"":""CC1046"",""workload"":""contoso-data""}"
"33333333-3333-3333-3333-333333333333","rg-contoso-data-nonprod-eastus2-001","stcontosodatanonprod003","microsoft.storage/storageaccounts","eastus2","Enabled","Deny","TLS1_2","{""environment"":""nonprod"",""owner"":""team-security"",""costCenter"":""CC1010"",""workload"":""contoso-data""}"
"11111111-1111-1111-1111-111111111111","rg-fabrikam-iot-prod-westus3-001","stfabrikamiotprod004","microsoft.storage/storageaccounts","westus3","Disabled","Deny","TLS1_2","{""environment"":""prod"",""owner"":""team-hr"",""costCenter"":""CC1021""}"
"44444444-4444-4444-4444-444444444444","rg-fabrikam-iot-prod-eastus2-001","stfabrikamiotprod005","microsoft.storage/storageaccounts","eastus2","Enabled","Deny","TLS1_2","{""environment"":""prod"",""owner"":""team-security"",""costCenter"":""CC1025"",""workload"":""fabrikam-iot""}"
"11111111-1111-1111-1111-111111111111","rg-contoso-ml-prod-northeurope-001","stcontosomlprod005","microsoft.storage/storageaccounts","northeurope","Disabled","Deny","TLS1_2","{""environment"":""prod"",""owner"":""team-finance"",""costCenter"":""CC1013"",""workload"":""contoso-ml""}"
"44444444-4444-4444-4444-444444444444","rg-contoso-web-prod-westus2-001","stcontosowebprod006","microsoft.storage/storageaccounts","westus2","Disabled","Deny","TLS1_2","{""environment"":""prod"",""owner"":""team-web"",""costCenter"":""CC1002""}"
"22222222-2222-2222-2222-222222222222","rg-contoso-web-prod-northeurope-001","stcontosowebprod007","microsoft.storage/storageaccounts","northeurope","Enabled","Deny","TLS1_2","{""environment"":""prod"",""owner"":""team-web"",""costCenter"":""CC1017"",""workload"":""contoso-web""}"
"11111111-1111-1111-1111-111111111111","rg-marketing-cms-prod-northeurope-001","stmarketingcmsprod007","microsoft.storage/storageaccounts","northeurope","SecuredByPerimeter","Deny","TLS1_2","{""environment"":""prod"",""owner"":""team-finance"",""costCenter"":""CC1012"",""workload"":""marketing-cms"",""dataClassification"":""confidential""}"
"11111111-1111-1111-1111-111111111111","rg-contoso-shop-prod-westus2-001","stcontososhopprod006","microsoft.storage/storageaccounts","westus2","Disabled","Deny","TLS1_2","{""environment"":""prod"",""owner"":""team-security"",""costCenter"":""CC1045"",""workload"":""contoso-shop""}"
"44444444-4444-4444-4444-444444444444","rg-trader-desk-prod-westus3-001","sttraderdeskprod006","microsoft.storage/storageaccounts","westus3","Enabled","Deny","TLS1_2","{""environment"":""prod"",""owner"":""team-iot"",""costCenter"":""CC1038"",""dataClassification"":""internal""}"
"33333333-3333-3333-3333-333333333333","rg-platform-shared-nonprod-westus2-001","stplatformsharednonprod0","microsoft.storage/storageaccounts","westus2","SecuredByPerimeter","Allow","TLS1_1","{""environment"":""nonprod"",""owner"":""team-security"",""costCenter"":""CC1024"",""workload"":""platform-shared""}"
"11111111-1111-1111-1111-111111111111","rg-trader-desk-prod-northeurope-001","sttraderdeskprod007","microsoft.storage/storageaccounts","northeurope","Disabled","Allow","TLS1_2","{""environment"":""prod"",""owner"":""team-ml"",""costCenter"":""CC1039"",""workload"":""trader-desk""}"
"22222222-2222-2222-2222-222222222222","rg-fabrikam-iot-prod-eastus-001","stfabrikamiotprod006","microsoft.storage/storageaccounts","eastus","Enabled","Allow","TLS1_2","{""environment"":""prod"",""owner"":""team-web"",""costCenter"":""CC1029"",""workload"":""fabrikam-iot""}"
"33333333-3333-3333-3333-333333333333","rg-finance-ledger-nonprod-eastus-001","stfinanceledgernonprod00","microsoft.storage/storageaccounts","eastus","Enabled","Deny","TLS1_2","{""environment"":""nonprod"",""owner"":""team-web"",""costCenter"":""CC1033"",""dataClassification"":""internal""}"
"22222222-2222-2222-2222-222222222222","rg-contoso-shop-prod-westus3-001","stcontososhopprod007","microsoft.storage/storageaccounts","westus3","Enabled","Deny","TLS1_2","{""environment"":""prod"",""owner"":""team-marketing"",""costCenter"":""CC1014"",""workload"":""contoso-shop""}"
"55555555-5555-5555-5555-555555555555","rg-contoso-web-sbx-westus3-001","stcontosowebsbx004","microsoft.storage/storageaccounts","westus3","Enabled","Allow","TLS1_2","{""environment"":""sbx"",""owner"":""team-platform"",""costCenter"":""CC1039"",""workload"":""contoso-web""}"
"55555555-5555-5555-5555-555555555555","rg-contoso-data-sbx-eastus2-001","stcontosodatasbx001","microsoft.storage/storageaccounts","eastus2","Enabled","Allow","TLS1_2","{""environment"":""sbx"",""owner"":""team-hr"",""costCenter"":""CC1001"",""workload"":""contoso-data""}"
"55555555-5555-5555-5555-555555555555","rg-contoso-shop-sbx-northeurope-001","stcontososhopsbx001","microsoft.storage/storageaccounts","northeurope","Enabled","Allow","TLS1_2","{""environment"":""sbx"",""owner"":""team-web"",""costCenter"":""CC1025""}"
"11111111-1111-1111-1111-111111111111","rg-contoso-web-prod-eastus-001","stcontosowebprod008","microsoft.storage/storageaccounts","eastus","Disabled","Deny","TLS1_2","{""environment"":""prod"",""owner"":""team-marketing"",""costCenter"":""CC1023"",""workload"":""contoso-web""}"
"55555555-5555-5555-5555-555555555555","rg-platform-shared-sbx-eastus2-001","stplatformsharedsbx002","microsoft.storage/storageaccounts","eastus2","Enabled","Allow","TLS1_2","{""environment"":""sbx"",""owner"":""team-hr"",""costCenter"":""CC1038"",""workload"":""platform-shared""}"
"44444444-4444-4444-4444-444444444444","rg-marketing-cms-prod-westeurope-001","stmarketingcmsprod008","microsoft.storage/storageaccounts","westeurope","Disabled","Deny","TLS1_1","{""environment"":""prod"",""owner"":""team-iot"",""costCenter"":""CC1006"",""workload"":""marketing-cms""}"
"55555555-5555-5555-5555-555555555555","rg-marketing-cms-sbx-westus3-001","stmarketingcmssbx001","microsoft.storage/storageaccounts","westus3","Enabled","Allow","TLS1_2","{""environment"":""sbx"",""owner"":""team-platform"",""costCenter"":""CC1023"",""workload"":""marketing-cms""}"
"55555555-5555-5555-5555-555555555555","rg-hr-portal-sbx-eastus-001","sthrportalsbx001","microsoft.storage/storageaccounts","eastus","Enabled","Allow","TLS1_2","{""environment"":""sbx"",""owner"":""team-hr"",""costCenter"":""CC1039""}"
"33333333-3333-3333-3333-333333333333","rg-claims-engine-nonprod-eastus2-001","kv-claims-engine-nonprod-001","microsoft.keyvault/vaults","eastus2","Enabled","Deny","","{""environment"":""nonprod"",""owner"":""team-web"",""costCenter"":""CC1048"",""dataClassification"":""internal""}"
"11111111-1111-1111-1111-111111111111","rg-contoso-web-prod-westus3-001","kv-contoso-web-prod-001","microsoft.keyvault/vaults","westus3","Disabled","Allow","","{""environment"":""prod"",""owner"":""team-marketing"",""costCenter"":""CC1007"",""dataClassification"":""public""}"
"55555555-5555-5555-5555-555555555555","rg-contoso-shop-sbx-eastus2-001","kv-contoso-shop-sbx-001","microsoft.keyvault/vaults","eastus2","Enabled","Allow","","{""environment"":""sbx"",""owner"":""team-marketing"",""costCenter"":""CC1011""}"
"11111111-1111-1111-1111-111111111111","rg-fabrikam-iot-prod-westus3-001","kv-fabrikam-iot-prod-001","microsoft.keyvault/vaults","westus3","Disabled","Deny","","{""environment"":""prod"",""owner"":""team-web"",""costCenter"":""CC1011""}"
"55555555-5555-5555-5555-555555555555","rg-trader-desk-sbx-eastus2-001","kv-trader-desk-sbx-001","microsoft.keyvault/vaults","eastus2","Enabled","Allow","","{""environment"":""sbx"",""owner"":""team-data"",""costCenter"":""CC1045"",""workload"":""trader-desk""}"
"11111111-1111-1111-1111-111111111111","rg-marketing-cms-prod-westeurope-001","kv-marketing-cms-prod-001","microsoft.keyvault/vaults","westeurope","Disabled","Deny","","{""environment"":""prod"",""owner"":""team-platform"",""costCenter"":""CC1046"",""workload"":""marketing-cms""}"
"22222222-2222-2222-2222-222222222222","rg-finance-ledger-prod-westeurope-001","kv-finance-ledger-prod-001","microsoft.keyvault/vaults","westeurope","Disabled","Deny","","{""environment"":""prod"",""owner"":""team-data"",""costCenter"":""CC1039"",""workload"":""finance-ledger""}"
"44444444-4444-4444-4444-444444444444","rg-marketing-cms-prod-westeurope-001","kv-marketing-cms-prod-002","microsoft.keyvault/vaults","westeurope","Disabled","Deny","","{""environment"":""prod"",""owner"":""team-finance"",""costCenter"":""CC1031""}"
"22222222-2222-2222-2222-222222222222","rg-contoso-web-prod-westus3-001","kv-contoso-web-prod-002","microsoft.keyvault/vaults","westus3","Disabled","Deny","","{""environment"":""prod"",""owner"":""team-ml"",""costCenter"":""CC1028""}"
"55555555-5555-5555-5555-555555555555","rg-claims-engine-sbx-westus3-001","kv-claims-engine-sbx-001","microsoft.keyvault/vaults","westus3","Enabled","Allow","","{""environment"":""sbx"",""owner"":""team-iot"",""costCenter"":""CC1006"",""workload"":""claims-engine""}"
"55555555-5555-5555-5555-555555555555","rg-contoso-ml-sbx-northeurope-001","kv-contoso-ml-sbx-001","microsoft.keyvault/vaults","northeurope","Enabled","Allow","","{""environment"":""sbx"",""owner"":""team-iot"",""costCenter"":""CC1015"",""workload"":""contoso-ml"",""dataClassification"":""internal""}"
"22222222-2222-2222-2222-222222222222","rg-hr-portal-prod-northeurope-001","kv-hr-portal-prod-001","microsoft.keyvault/vaults","northeurope","Disabled","Allow","","{""environment"":""prod"",""owner"":""team-platform"",""costCenter"":""CC1002"",""workload"":""hr-portal""}"
"22222222-2222-2222-2222-222222222222","rg-marketing-cms-prod-westeurope-001","kv-marketing-cms-prod-003","microsoft.keyvault/vaults","westeurope","Disabled","Allow","","{""environment"":""prod"",""owner"":""team-security"",""costCenter"":""CC1016"",""dataClassification"":""internal""}"
"11111111-1111-1111-1111-111111111111","rg-finance-ledger-prod-eastus2-001","kv-finance-ledger-prod-002","microsoft.keyvault/vaults","eastus2","Disabled","Deny","","{""environment"":""prod"",""owner"":""team-security"",""costCenter"":""CC1049"",""workload"":""finance-ledger""}"
"22222222-2222-2222-2222-222222222222","rg-contoso-data-prod-eastus2-001","kv-contoso-data-prod-001","microsoft.keyvault/vaults","eastus2","Enabled","Allow","","{""environment"":""prod"",""owner"":""team-iot"",""costCenter"":""CC1043"",""workload"":""contoso-data""}"
"33333333-3333-3333-3333-333333333333","rg-contoso-ml-nonprod-westeurope-001","kv-contoso-ml-nonprod-001","microsoft.keyvault/vaults","westeurope","Enabled","Deny","","{""environment"":""nonprod"",""owner"":""team-platform"",""costCenter"":""CC1022"",""workload"":""contoso-ml"",""dataClassification"":""restricted""}"
"22222222-2222-2222-2222-222222222222","rg-claims-engine-prod-eastus2-001","kv-claims-engine-prod-001","microsoft.keyvault/vaults","eastus2","Disabled","Allow","","{""environment"":""prod"",""owner"":""team-data"",""costCenter"":""CC1039"",""workload"":""claims-engine""}"
"44444444-4444-4444-4444-444444444444","rg-contoso-web-prod-eastus-001","kv-contoso-web-prod-003","microsoft.keyvault/vaults","eastus","Enabled","Allow","","{""environment"":""prod"",""owner"":""team-ml"",""costCenter"":""CC1035"",""workload"":""contoso-web"",""dataClassification"":""internal""}"
"44444444-4444-4444-4444-444444444444","rg-contoso-shop-prod-eastus2-001","kv-contoso-shop-prod-001","microsoft.keyvault/vaults","eastus2","Disabled","Deny","","{""environment"":""prod"",""owner"":""team-web"",""costCenter"":""CC1029"",""workload"":""contoso-shop""}"
"11111111-1111-1111-1111-111111111111","rg-contoso-api-prod-westus2-001","kv-contoso-api-prod-001","microsoft.keyvault/vaults","westus2","Disabled","Deny","","{""environment"":""prod"",""owner"":""team-platform"",""costCenter"":""CC1049"",""workload"":""contoso-api""}"
"22222222-2222-2222-2222-222222222222","rg-contoso-shop-prod-westeurope-001","kv-contoso-shop-prod-002","microsoft.keyvault/vaults","westeurope","Disabled","Deny","","{""environment"":""prod"",""owner"":""team-data"",""costCenter"":""CC1023"",""dataClassification"":""internal""}"
"55555555-5555-5555-5555-555555555555","rg-claims-engine-sbx-westeurope-001","kv-claims-engine-sbx-002","microsoft.keyvault/vaults","westeurope","Enabled","Allow","","{""environment"":""sbx"",""owner"":""team-data"",""costCenter"":""CC1040"",""workload"":""claims-engine""}"
"55555555-5555-5555-5555-555555555555","rg-contoso-web-sbx-westeurope-001","kv-contoso-web-sbx-001","microsoft.keyvault/vaults","westeurope","Disabled","Allow","","{""environment"":""sbx"",""owner"":""team-finance"",""costCenter"":""CC1002"",""workload"":""contoso-web""}"
"44444444-4444-4444-4444-444444444444","rg-fabrikam-iot-prod-northeurope-001","kv-fabrikam-iot-prod-002","microsoft.keyvault/vaults","northeurope","Enabled","Allow","","{""environment"":""prod"",""owner"":""team-iot"",""costCenter"":""CC1016"",""workload"":""fabrikam-iot""}"
"33333333-3333-3333-3333-333333333333","rg-contoso-ml-nonprod-northeurope-001","kv-contoso-ml-nonprod-002","microsoft.keyvault/vaults","northeurope","Disabled","Deny","","{""environment"":""nonprod"",""owner"":""team-iot"",""costCenter"":""CC1021""}"
"44444444-4444-4444-4444-444444444444","rg-finance-ledger-prod-westus2-001","kv-finance-ledger-prod-003","microsoft.keyvault/vaults","westus2","Enabled","Deny","","{""environment"":""prod"",""owner"":""team-finance"",""costCenter"":""CC1000"",""workload"":""finance-ledger"",""dataClassification"":""public""}"
"22222222-2222-2222-2222-222222222222","rg-contoso-api-prod-eastus-001","kv-contoso-api-prod-002","microsoft.keyvault/vaults","eastus","Disabled","Allow","","{""environment"":""prod"",""owner"":""team-data"",""costCenter"":""CC1049"",""workload"":""contoso-api""}"
"33333333-3333-3333-3333-333333333333","rg-marketing-cms-nonprod-westus3-001","kv-marketing-cms-nonprod-001","microsoft.keyvault/vaults","westus3","Enabled","Deny","","{""environment"":""nonprod"",""owner"":""team-ml"",""costCenter"":""CC1047"",""workload"":""marketing-cms""}"
"11111111-1111-1111-1111-111111111111","rg-claims-engine-prod-northeurope-001","kv-claims-engine-prod-002","microsoft.keyvault/vaults","northeurope","Disabled","Deny","","{""environment"":""prod"",""owner"":""team-platform"",""costCenter"":""CC1019"",""workload"":""claims-engine""}"
"11111111-1111-1111-1111-111111111111","rg-contoso-data-prod-westus2-001","kv-contoso-data-prod-002","microsoft.keyvault/vaults","westus2","Disabled","Deny","","{""environment"":""prod"",""owner"":""team-platform"",""costCenter"":""CC1007""}"
"33333333-3333-3333-3333-333333333333","rg-hr-portal-nonprod-eastus-001","kv-hr-portal-nonprod-001","microsoft.keyvault/vaults","eastus","Enabled","Deny","","{""environment"":""nonprod"",""owner"":""team-data"",""costCenter"":""CC1041"",""workload"":""hr-portal"",""dataClassification"":""internal""}"
"55555555-5555-5555-5555-555555555555","rg-finance-ledger-sbx-westus2-001","kv-finance-ledger-sbx-001","microsoft.keyvault/vaults","westus2","Enabled","Allow","","{""environment"":""sbx"",""owner"":""team-hr"",""costCenter"":""CC1019"",""workload"":""finance-ledger""}"
"44444444-4444-4444-4444-444444444444","rg-trader-desk-prod-northeurope-001","kv-trader-desk-prod-001","microsoft.keyvault/vaults","northeurope","Enabled","Deny","","{""environment"":""prod"",""owner"":""team-finance"",""costCenter"":""CC1027"",""workload"":""trader-desk""}"
"33333333-3333-3333-3333-333333333333","rg-contoso-shop-nonprod-eastus-001","kv-contoso-shop-nonprod-001","microsoft.keyvault/vaults","eastus","Enabled","Allow","","{""environment"":""nonprod"",""owner"":""team-platform"",""costCenter"":""CC1007"",""workload"":""contoso-shop""}"
"44444444-4444-4444-4444-444444444444","rg-claims-engine-prod-northeurope-001","kv-claims-engine-prod-003","microsoft.keyvault/vaults","northeurope","Enabled","Deny","","{""environment"":""prod"",""owner"":""team-iot"",""costCenter"":""CC1045""}"
"33333333-3333-3333-3333-333333333333","rg-fabrikam-iot-nonprod-eastus-001","kv-fabrikam-iot-nonprod-001","microsoft.keyvault/vaults","eastus","Disabled","Deny","","{""environment"":""nonprod"",""owner"":""team-security"",""costCenter"":""CC1049""}"
"11111111-1111-1111-1111-111111111111","rg-marketing-cms-prod-eastus-001","kv-marketing-cms-prod-004","microsoft.keyvault/vaults","eastus","Enabled","Deny","","{""environment"":""prod"",""owner"":""team-hr"",""costCenter"":""CC1024"",""workload"":""marketing-cms""}"
"55555555-5555-5555-5555-555555555555","rg-contoso-api-sbx-westeurope-001","kv-contoso-api-sbx-001","microsoft.keyvault/vaults","westeurope","Enabled","Allow","","{""environment"":""sbx"",""owner"":""team-finance"",""costCenter"":""CC1030"",""workload"":""contoso-api""}"
"11111111-1111-1111-1111-111111111111","rg-fabrikam-iot-prod-westeurope-001","kv-fabrikam-iot-prod-003","microsoft.keyvault/vaults","westeurope","Disabled","Allow","","{""environment"":""prod"",""owner"":""team-hr"",""costCenter"":""CC1023""}"
"22222222-2222-2222-2222-222222222222","rg-contoso-ml-prod-westeurope-001","kv-contoso-ml-prod-001","microsoft.keyvault/vaults","westeurope","Disabled","Deny","","{""environment"":""prod"",""owner"":""team-ml"",""costCenter"":""CC1048""}"
"44444444-4444-4444-4444-444444444444","rg-finance-ledger-prod-westus3-001","kv-finance-ledger-prod-004","microsoft.keyvault/vaults","westus3","Disabled","Deny","","{""environment"":""prod"",""owner"":""team-data"",""costCenter"":""CC1043"",""workload"":""finance-ledger""}"
"33333333-3333-3333-3333-333333333333","rg-contoso-ml-nonprod-westus2-001","kv-contoso-ml-nonprod-003","microsoft.keyvault/vaults","westus2","Disabled","Allow","","{""environment"":""nonprod"",""owner"":""team-web"",""costCenter"":""CC1028""}"
"44444444-4444-4444-4444-444444444444","rg-fabrikam-iot-prod-eastus2-001","kv-fabrikam-iot-prod-004","microsoft.keyvault/vaults","eastus2","Disabled","Deny","","{""environment"":""prod"",""owner"":""team-iot"",""costCenter"":""CC1003""}"
"11111111-1111-1111-1111-111111111111","rg-contoso-api-prod-northeurope-001","kv-contoso-api-prod-003","microsoft.keyvault/vaults","northeurope","Enabled","Deny","","{""environment"":""prod"",""owner"":""team-marketing"",""costCenter"":""CC1002"",""workload"":""contoso-api"",""dataClassification"":""internal""}"
"22222222-2222-2222-2222-222222222222","rg-contoso-shop-prod-eastus2-001","kv-contoso-shop-prod-003","microsoft.keyvault/vaults","eastus2","SecuredByPerimeter","Allow","","{""environment"":""prod"",""owner"":""team-ml"",""costCenter"":""CC1011"",""workload"":""contoso-shop""}"
"44444444-4444-4444-4444-444444444444","rg-marketing-cms-prod-westus2-001","cog-marketing-cms-prod-001","microsoft.cognitiveservices/accounts","westus2","SecuredByPerimeter","Deny","","{""environment"":""prod"",""owner"":""team-platform"",""costCenter"":""CC1048"",""workload"":""marketing-cms""}"
"44444444-4444-4444-4444-444444444444","rg-contoso-data-prod-northeurope-001","cog-contoso-data-prod-001","microsoft.cognitiveservices/accounts","northeurope","SecuredByPerimeter","Deny","","{""environment"":""prod"",""owner"":""team-ml"",""costCenter"":""CC1024"",""workload"":""contoso-data""}"
"22222222-2222-2222-2222-222222222222","rg-contoso-web-prod-westus3-001","cog-contoso-web-prod-001","microsoft.cognitiveservices/accounts","westus3","Disabled","Deny","","{""environment"":""prod"",""owner"":""team-ml"",""costCenter"":""CC1046"",""workload"":""contoso-web""}"
"33333333-3333-3333-3333-333333333333","rg-contoso-shop-nonprod-westeurope-001","cog-contoso-shop-nonprod-001","microsoft.cognitiveservices/accounts","westeurope","Enabled","Deny","","{""environment"":""nonprod"",""owner"":""team-web"",""costCenter"":""CC1000"",""dataClassification"":""public""}"
"55555555-5555-5555-5555-555555555555","rg-contoso-shop-sbx-eastus2-001","cog-contoso-shop-sbx-001","microsoft.cognitiveservices/accounts","eastus2","Enabled","Allow","","{""environment"":""sbx"",""owner"":""team-hr"",""costCenter"":""CC1005"",""workload"":""contoso-shop""}"
"22222222-2222-2222-2222-222222222222","rg-marketing-cms-prod-eastus2-001","cog-marketing-cms-prod-002","microsoft.cognitiveservices/accounts","eastus2","Disabled","Deny","","{""environment"":""prod"",""owner"":""team-marketing"",""costCenter"":""CC1015"",""workload"":""marketing-cms""}"
"22222222-2222-2222-2222-222222222222","rg-fabrikam-iot-prod-westus2-001","cog-fabrikam-iot-prod-001","microsoft.cognitiveservices/accounts","westus2","Disabled","Deny","","{""environment"":""prod"",""owner"":""team-hr"",""costCenter"":""CC1017"",""dataClassification"":""internal""}"
"11111111-1111-1111-1111-111111111111","rg-contoso-web-prod-eastus2-001","cog-contoso-web-prod-002","microsoft.cognitiveservices/accounts","eastus2","Disabled","Deny","","{""environment"":""prod"",""owner"":""team-web"",""costCenter"":""CC1047"",""workload"":""contoso-web"",""dataClassification"":""internal""}"
"33333333-3333-3333-3333-333333333333","rg-claims-engine-nonprod-eastus-001","cog-claims-engine-nonprod-001","microsoft.cognitiveservices/accounts","eastus","Enabled","Deny","","{""environment"":""nonprod"",""owner"":""team-marketing"",""costCenter"":""CC1005"",""workload"":""claims-engine""}"
"55555555-5555-5555-5555-555555555555","rg-claims-engine-sbx-eastus2-001","cog-claims-engine-sbx-001","microsoft.cognitiveservices/accounts","eastus2","Enabled","Allow","","{""environment"":""sbx"",""owner"":""team-platform"",""costCenter"":""CC1020""}"
"11111111-1111-1111-1111-111111111111","rg-marketing-cms-prod-westus2-001","cog-marketing-cms-prod-003","microsoft.cognitiveservices/accounts","westus2","Disabled","Deny","","{""environment"":""prod"",""owner"":""team-marketing"",""costCenter"":""CC1048"",""workload"":""marketing-cms"",""dataClassification"":""internal""}"
"33333333-3333-3333-3333-333333333333","rg-contoso-api-nonprod-westus3-001","cog-contoso-api-nonprod-001","microsoft.cognitiveservices/accounts","westus3","Disabled","Allow","","{""environment"":""nonprod"",""owner"":""team-iot"",""costCenter"":""CC1031"",""workload"":""contoso-api""}"
"33333333-3333-3333-3333-333333333333","rg-contoso-ml-nonprod-westus3-001","cog-contoso-ml-nonprod-001","microsoft.cognitiveservices/accounts","westus3","Enabled","Deny","","{""environment"":""nonprod"",""owner"":""team-ml"",""costCenter"":""CC1005"",""workload"":""contoso-ml"",""dataClassification"":""public""}"
"44444444-4444-4444-4444-444444444444","rg-contoso-web-prod-eastus2-001","cog-contoso-web-prod-003","microsoft.cognitiveservices/accounts","eastus2","Enabled","Allow","","{""environment"":""prod"",""owner"":""team-web"",""costCenter"":""CC1024"",""workload"":""contoso-web""}"
"22222222-2222-2222-2222-222222222222","rg-contoso-ml-prod-westus3-001","cog-contoso-ml-prod-001","microsoft.cognitiveservices/accounts","westus3","Disabled","Deny","","{""environment"":""prod"",""owner"":""team-platform"",""costCenter"":""CC1017"",""workload"":""contoso-ml"",""dataClassification"":""public""}"
"11111111-1111-1111-1111-111111111111","rg-trader-desk-prod-eastus2-001","cog-trader-desk-prod-001","microsoft.cognitiveservices/accounts","eastus2","Disabled","Allow","","{""environment"":""prod"",""owner"":""team-security"",""costCenter"":""CC1029"",""workload"":""trader-desk"",""dataClassification"":""internal""}"
"44444444-4444-4444-4444-444444444444","rg-hr-portal-prod-northeurope-001","cog-hr-portal-prod-001","microsoft.cognitiveservices/accounts","northeurope","Enabled","Deny","","{""environment"":""prod"",""owner"":""team-finance"",""costCenter"":""CC1012"",""workload"":""hr-portal""}"
"44444444-4444-4444-4444-444444444444","rg-contoso-web-prod-westeurope-001","cog-contoso-web-prod-004","microsoft.cognitiveservices/accounts","westeurope","Disabled","Deny","","{""environment"":""prod"",""owner"":""team-ml"",""costCenter"":""CC1041""}"
"44444444-4444-4444-4444-444444444444","rg-finance-ledger-prod-eastus-001","cog-finance-ledger-prod-001","microsoft.cognitiveservices/accounts","eastus","Enabled","Allow","","{""environment"":""prod"",""owner"":""team-marketing"",""costCenter"":""CC1004"",""workload"":""finance-ledger""}"
"44444444-4444-4444-4444-444444444444","rg-contoso-shop-prod-northeurope-001","cog-contoso-shop-prod-001","microsoft.cognitiveservices/accounts","northeurope","Disabled","Deny","","{""environment"":""prod"",""owner"":""team-hr"",""costCenter"":""CC1002"",""workload"":""contoso-shop""}"
"11111111-1111-1111-1111-111111111111","rg-hr-portal-prod-eastus-001","cog-hr-portal-prod-002","microsoft.cognitiveservices/accounts","eastus","Disabled","Allow","","{""environment"":""prod"",""owner"":""team-platform"",""costCenter"":""CC1047"",""dataClassification"":""confidential""}"
"33333333-3333-3333-3333-333333333333","rg-contoso-shop-nonprod-westus3-001","cog-contoso-shop-nonprod-002","microsoft.cognitiveservices/accounts","westus3","Enabled","Allow","","{""environment"":""nonprod"",""owner"":""team-security"",""costCenter"":""CC1032"",""workload"":""contoso-shop""}"
"33333333-3333-3333-3333-333333333333","rg-contoso-shop-nonprod-westus3-001","cog-contoso-shop-nonprod-003","microsoft.cognitiveservices/accounts","westus3","Disabled","Allow","","{""environment"":""nonprod"",""owner"":""team-hr"",""costCenter"":""CC1030"",""workload"":""contoso-shop""}"
"11111111-1111-1111-1111-111111111111","rg-trader-desk-prod-northeurope-001","cog-trader-desk-prod-002","microsoft.cognitiveservices/accounts","northeurope","Disabled","Deny","","{""environment"":""prod"",""owner"":""team-finance"",""costCenter"":""CC1027""}"
"33333333-3333-3333-3333-333333333333","rg-claims-engine-nonprod-eastus-001","cog-claims-engine-nonprod-002","microsoft.cognitiveservices/accounts","eastus","Disabled","Deny","","{""environment"":""nonprod"",""owner"":""team-ml"",""costCenter"":""CC1014""}"
"11111111-1111-1111-1111-111111111111","rg-marketing-cms-prod-westus2-001","sql-marketing-cms-prod-001","microsoft.sql/servers","westus2","SecuredByPerimeter","","TLS1_2","{""environment"":""prod"",""owner"":""team-web"",""costCenter"":""CC1022"",""workload"":""marketing-cms""}"
"22222222-2222-2222-2222-222222222222","rg-contoso-data-prod-northeurope-001","sql-contoso-data-prod-001","microsoft.sql/servers","northeurope","Enabled","","TLS1_2","{""environment"":""prod"",""owner"":""team-hr"",""costCenter"":""CC1026"",""workload"":""contoso-data""}"
"44444444-4444-4444-4444-444444444444","rg-finance-ledger-prod-eastus2-001","sql-finance-ledger-prod-001","microsoft.sql/servers","eastus2","Disabled","","TLS1_2","{""environment"":""prod"",""owner"":""team-marketing"",""costCenter"":""CC1046"",""workload"":""finance-ledger""}"
"44444444-4444-4444-4444-444444444444","rg-trader-desk-prod-westus3-001","sql-trader-desk-prod-001","microsoft.sql/servers","westus3","Disabled","","TLS1_2","{""environment"":""prod"",""owner"":""team-security"",""costCenter"":""CC1015"",""workload"":""trader-desk""}"
"44444444-4444-4444-4444-444444444444","rg-contoso-data-prod-eastus2-001","sql-contoso-data-prod-002","microsoft.sql/servers","eastus2","Enabled","","TLS1_2","{""environment"":""prod"",""owner"":""team-ml"",""costCenter"":""CC1014"",""workload"":""contoso-data""}"
"11111111-1111-1111-1111-111111111111","rg-finance-ledger-prod-westus3-001","sql-finance-ledger-prod-002","microsoft.sql/servers","westus3","SecuredByPerimeter","","TLS1_2","{""environment"":""prod"",""owner"":""team-finance"",""costCenter"":""CC1039""}"
"11111111-1111-1111-1111-111111111111","rg-contoso-ml-prod-eastus-001","sql-contoso-ml-prod-001","microsoft.sql/servers","eastus","Disabled","","TLS1_2","{""environment"":""prod"",""owner"":""team-iot"",""costCenter"":""CC1036"",""workload"":""contoso-ml"",""dataClassification"":""internal""}"
"55555555-5555-5555-5555-555555555555","rg-trader-desk-sbx-eastus-001","sql-trader-desk-sbx-001","microsoft.sql/servers","eastus","Enabled","","TLS1_2","{""environment"":""sbx"",""owner"":""team-iot"",""costCenter"":""CC1019""}"
"33333333-3333-3333-3333-333333333333","rg-contoso-shop-nonprod-westus2-001","sql-contoso-shop-nonprod-001","microsoft.sql/servers","westus2","Enabled","","TLS1_2","{""environment"":""nonprod"",""owner"":""team-web"",""costCenter"":""CC1005"",""workload"":""contoso-shop"",""dataClassification"":""confidential""}"
"55555555-5555-5555-5555-555555555555","rg-platform-shared-sbx-westus2-001","sql-platform-shared-sbx-001","microsoft.sql/servers","westus2","Enabled","","TLS1_2","{""environment"":""sbx"",""owner"":""team-hr"",""costCenter"":""CC1030"",""workload"":""platform-shared""}"
"44444444-4444-4444-4444-444444444444","rg-contoso-api-prod-westeurope-001","sql-contoso-api-prod-001","microsoft.sql/servers","westeurope","Disabled","","TLS1_2","{""environment"":""prod"",""owner"":""team-marketing"",""costCenter"":""CC1041"",""workload"":""contoso-api""}"
"33333333-3333-3333-3333-333333333333","rg-platform-shared-nonprod-westus2-001","sql-platform-shared-nonprod-001","microsoft.sql/servers","westus2","Enabled","","TLS1_2","{""environment"":""nonprod"",""owner"":""team-security"",""costCenter"":""CC1000""}"
"33333333-3333-3333-3333-333333333333","rg-contoso-data-nonprod-westus2-001","sql-contoso-data-nonprod-001","microsoft.sql/servers","westus2","Disabled","","TLS1_2","{""environment"":""nonprod"",""owner"":""team-finance"",""costCenter"":""CC1045"",""workload"":""contoso-data"",""dataClassification"":""internal""}"
"22222222-2222-2222-2222-222222222222","rg-contoso-api-prod-eastus-001","sql-contoso-api-prod-002","microsoft.sql/servers","eastus","Enabled","","TLS1_2","{""environment"":""prod"",""owner"":""team-iot"",""costCenter"":""CC1036"",""workload"":""contoso-api""}"
"22222222-2222-2222-2222-222222222222","rg-contoso-shop-prod-westus3-001","sql-contoso-shop-prod-001","microsoft.sql/servers","westus3","Disabled","","TLS1_2","{""environment"":""prod"",""owner"":""team-finance"",""costCenter"":""CC1024""}"
"22222222-2222-2222-2222-222222222222","rg-platform-shared-prod-westeurope-001","sql-platform-shared-prod-001","microsoft.sql/servers","westeurope","Disabled","","TLS1_2","{""environment"":""prod"",""owner"":""team-security"",""costCenter"":""CC1042"",""workload"":""platform-shared""}"
"44444444-4444-4444-4444-444444444444","rg-contoso-ml-prod-westus3-001","sql-contoso-ml-prod-002","microsoft.sql/servers","westus3","Enabled","","TLS1_2","{""environment"":""prod"",""owner"":""team-hr"",""costCenter"":""CC1005"",""workload"":""contoso-ml""}"
"44444444-4444-4444-4444-444444444444","rg-hr-portal-prod-westus3-001","sql-hr-portal-prod-001","microsoft.sql/servers","westus3","Disabled","","TLS1_2","{""environment"":""prod"",""owner"":""team-marketing"",""costCenter"":""CC1031""}"
"11111111-1111-1111-1111-111111111111","rg-contoso-data-prod-westeurope-001","sql-contoso-data-prod-003","microsoft.sql/servers","westeurope","Disabled","","TLS1_2","{""environment"":""prod"",""owner"":""team-ml"",""costCenter"":""CC1023"",""workload"":""contoso-data"",""dataClassification"":""public""}"
"55555555-5555-5555-5555-555555555555","rg-finance-ledger-sbx-westeurope-001","sql-finance-ledger-sbx-001","microsoft.sql/servers","westeurope","Enabled","","TLS1_2","{""environment"":""sbx"",""owner"":""team-hr"",""costCenter"":""CC1024""}"
"11111111-1111-1111-1111-111111111111","rg-platform-shared-prod-eastus-001","sql-platform-shared-prod-002","microsoft.sql/servers","eastus","Enabled","","TLS1_2","{""environment"":""prod"",""owner"":""team-iot"",""costCenter"":""CC1041"",""workload"":""platform-shared""}"
"22222222-2222-2222-2222-222222222222","rg-hr-portal-prod-northeurope-001","sql-hr-portal-prod-002","microsoft.sql/servers","northeurope","SecuredByPerimeter","","TLS1_2","{""environment"":""prod"",""owner"":""team-finance"",""costCenter"":""CC1044"",""dataClassification"":""confidential""}"
"55555555-5555-5555-5555-555555555555","rg-contoso-shop-sbx-westus3-001","sql-contoso-shop-sbx-001","microsoft.sql/servers","westus3","Enabled","","TLS1_2","{""environment"":""sbx"",""owner"":""team-data"",""costCenter"":""CC1045""}"
"33333333-3333-3333-3333-333333333333","rg-hr-portal-nonprod-northeurope-001","sql-hr-portal-nonprod-001","microsoft.sql/servers","northeurope","Enabled","","TLS1_2","{""environment"":""nonprod"",""owner"":""team-iot"",""costCenter"":""CC1025"",""workload"":""hr-portal"",""dataClassification"":""internal""}"
"33333333-3333-3333-3333-333333333333","rg-claims-engine-nonprod-westus3-001","sql-claims-engine-nonprod-001","microsoft.sql/servers","westus3","Enabled","","TLS1_2","{""environment"":""nonprod"",""owner"":""team-platform"",""costCenter"":""CC1009"",""workload"":""claims-engine""}"
"44444444-4444-4444-4444-444444444444","rg-contoso-ml-prod-northeurope-001","sql-contoso-ml-prod-003","microsoft.sql/servers","northeurope","Enabled","","TLS1_1","{""environment"":""prod"",""owner"":""team-platform"",""costCenter"":""CC1002""}"
"11111111-1111-1111-1111-111111111111","rg-contoso-web-prod-northeurope-001","sql-contoso-web-prod-001","microsoft.sql/servers","northeurope","Enabled","","TLS1_2","{""environment"":""prod"",""owner"":""team-marketing"",""costCenter"":""CC1040"",""dataClassification"":""public""}"
"11111111-1111-1111-1111-111111111111","rg-hr-portal-prod-eastus2-001","sql-hr-portal-prod-003","microsoft.sql/servers","eastus2","Disabled","","TLS1_2","{""environment"":""prod"",""owner"":""team-security"",""costCenter"":""CC1017""}"
"44444444-4444-4444-4444-444444444444","rg-platform-shared-prod-eastus2-001","sql-platform-shared-prod-003","microsoft.sql/servers","eastus2","Enabled","","TLS1_2","{""environment"":""prod"",""owner"":""team-data"",""costCenter"":""CC1035"",""workload"":""platform-shared""}"
"44444444-4444-4444-4444-444444444444","rg-trader-desk-prod-westeurope-001","sql-trader-desk-prod-002","microsoft.sql/servers","westeurope","Enabled","","TLS1_2","{""environment"":""prod"",""owner"":""team-hr"",""costCenter"":""CC1045"",""dataClassification"":""internal""}"
"11111111-1111-1111-1111-111111111111","rg-platform-shared-prod-northeurope-001","cosmos-platform-shared-prod-001","microsoft.documentdb/databaseaccounts","northeurope","Disabled","Deny","","{""environment"":""prod"",""owner"":""team-platform"",""costCenter"":""CC1047"",""workload"":""platform-shared"",""dataClassification"":""internal""}"
"11111111-1111-1111-1111-111111111111","rg-contoso-ml-prod-eastus-001","cosmos-contoso-ml-prod-001","microsoft.documentdb/databaseaccounts","eastus","Disabled","Deny","","{""environment"":""prod"",""owner"":""team-hr"",""costCenter"":""CC1032"",""dataClassification"":""public""}"
"22222222-2222-2222-2222-222222222222","rg-marketing-cms-prod-westus2-001","cosmos-marketing-cms-prod-001","microsoft.documentdb/databaseaccounts","westus2","Disabled","Deny","","{""environment"":""prod"",""owner"":""team-ml"",""costCenter"":""CC1047"",""dataClassification"":""confidential""}"
"55555555-5555-5555-5555-555555555555","rg-trader-desk-sbx-northeurope-001","cosmos-trader-desk-sbx-001","microsoft.documentdb/databaseaccounts","northeurope","Enabled","Allow","","{""environment"":""sbx"",""owner"":""team-iot"",""costCenter"":""CC1028"",""workload"":""trader-desk"",""dataClassification"":""confidential""}"
"22222222-2222-2222-2222-222222222222","rg-contoso-web-prod-westus3-001","cosmos-contoso-web-prod-001","microsoft.documentdb/databaseaccounts","westus3","Disabled","Allow","","{""environment"":""prod"",""owner"":""team-finance"",""costCenter"":""CC1008"",""dataClassification"":""internal""}"
"22222222-2222-2222-2222-222222222222","rg-contoso-shop-prod-eastus-001","cosmos-contoso-shop-prod-001","microsoft.documentdb/databaseaccounts","eastus","SecuredByPerimeter","Deny","","{""environment"":""prod"",""owner"":""team-platform"",""costCenter"":""CC1007"",""dataClassification"":""internal""}"
"22222222-2222-2222-2222-222222222222","rg-contoso-web-prod-eastus2-001","cosmos-contoso-web-prod-002","microsoft.documentdb/databaseaccounts","eastus2","Disabled","Deny","","{""environment"":""prod"",""owner"":""team-ml"",""costCenter"":""CC1003"",""workload"":""contoso-web""}"
"55555555-5555-5555-5555-555555555555","rg-platform-shared-sbx-eastus-001","cosmos-platform-shared-sbx-001","microsoft.documentdb/databaseaccounts","eastus","Enabled","Allow","","{""environment"":""sbx"",""owner"":""team-hr"",""costCenter"":""CC1026"",""workload"":""platform-shared"",""dataClassification"":""confidential""}"
"55555555-5555-5555-5555-555555555555","rg-contoso-shop-sbx-westus3-001","cosmos-contoso-shop-sbx-001","microsoft.documentdb/databaseaccounts","westus3","Enabled","Allow","","{""environment"":""sbx"",""owner"":""team-hr"",""costCenter"":""CC1033""}"
"22222222-2222-2222-2222-222222222222","rg-claims-engine-prod-eastus2-001","cosmos-claims-engine-prod-001","microsoft.documentdb/databaseaccounts","eastus2","Disabled","Deny","","{""environment"":""prod"",""owner"":""team-hr"",""costCenter"":""CC1012"",""workload"":""claims-engine"",""dataClassification"":""internal""}"
"55555555-5555-5555-5555-555555555555","rg-trader-desk-sbx-northeurope-001","cosmos-trader-desk-sbx-002","microsoft.documentdb/databaseaccounts","northeurope","Enabled","Allow","","{""environment"":""sbx"",""owner"":""team-hr"",""costCenter"":""CC1001"",""workload"":""trader-desk""}"
"22222222-2222-2222-2222-222222222222","rg-trader-desk-prod-eastus-001","cosmos-trader-desk-prod-001","microsoft.documentdb/databaseaccounts","eastus","Disabled","Deny","","{""environment"":""prod"",""owner"":""team-security"",""costCenter"":""CC1035""}"
"11111111-1111-1111-1111-111111111111","rg-marketing-cms-prod-westus3-001","cosmos-marketing-cms-prod-002","microsoft.documentdb/databaseaccounts","westus3","Disabled","Deny","","{""environment"":""prod"",""owner"":""team-data"",""costCenter"":""CC1042"",""workload"":""marketing-cms""}"
"33333333-3333-3333-3333-333333333333","rg-hr-portal-nonprod-eastus-001","cosmos-hr-portal-nonprod-001","microsoft.documentdb/databaseaccounts","eastus","Disabled","Deny","","{""environment"":""nonprod"",""owner"":""team-marketing"",""costCenter"":""CC1004"",""dataClassification"":""internal""}"
"44444444-4444-4444-4444-444444444444","rg-contoso-ml-prod-northeurope-001","cosmos-contoso-ml-prod-002","microsoft.documentdb/databaseaccounts","northeurope","Disabled","Deny","","{""environment"":""prod"",""owner"":""team-hr"",""costCenter"":""CC1014"",""workload"":""contoso-ml""}"
"44444444-4444-4444-4444-444444444444","rg-finance-ledger-prod-eastus-001","cosmos-finance-ledger-prod-001","microsoft.documentdb/databaseaccounts","eastus","Disabled","Deny","","{""environment"":""prod"",""owner"":""team-data"",""costCenter"":""CC1003""}"
"44444444-4444-4444-4444-444444444444","rg-fabrikam-iot-prod-westeurope-001","cosmos-fabrikam-iot-prod-001","microsoft.documentdb/databaseaccounts","westeurope","Disabled","Deny","","{""environment"":""prod"",""owner"":""team-finance"",""costCenter"":""CC1007"",""workload"":""fabrikam-iot""}"
"22222222-2222-2222-2222-222222222222","rg-trader-desk-prod-westus2-001","cosmos-trader-desk-prod-002","microsoft.documentdb/databaseaccounts","westus2","Disabled","Deny","","{""environment"":""prod"",""owner"":""team-ml"",""costCenter"":""CC1026"",""workload"":""trader-desk""}"
"22222222-2222-2222-2222-222222222222","rg-hr-portal-prod-eastus-001","aks-hr-portal-prod-001","microsoft.containerservice/managedclusters","eastus","Disabled","","","{""environment"":""prod"",""owner"":""team-platform"",""costCenter"":""CC1048"",""dataClassification"":""internal""}"
"33333333-3333-3333-3333-333333333333","rg-contoso-shop-nonprod-northeurope-001","aks-contoso-shop-nonprod-001","microsoft.containerservice/managedclusters","northeurope","Enabled","","","{""environment"":""nonprod"",""owner"":""team-web"",""costCenter"":""CC1002"",""workload"":""contoso-shop""}"
"55555555-5555-5555-5555-555555555555","rg-finance-ledger-sbx-westeurope-001","aks-finance-ledger-sbx-001","microsoft.containerservice/managedclusters","westeurope","Enabled","","","{""environment"":""sbx"",""owner"":""team-ml"",""costCenter"":""CC1039"",""workload"":""finance-ledger""}"
"11111111-1111-1111-1111-111111111111","rg-fabrikam-iot-prod-northeurope-001","aks-fabrikam-iot-prod-001","microsoft.containerservice/managedclusters","northeurope","Disabled","","","{""environment"":""prod"",""owner"":""team-security"",""costCenter"":""CC1030"",""workload"":""fabrikam-iot""}"
"11111111-1111-1111-1111-111111111111","rg-hr-portal-prod-westeurope-001","aks-hr-portal-prod-002","microsoft.containerservice/managedclusters","westeurope","Disabled","","","{""environment"":""prod"",""owner"":""team-iot"",""costCenter"":""CC1020""}"
"55555555-5555-5555-5555-555555555555","rg-contoso-ml-sbx-northeurope-001","aks-contoso-ml-sbx-001","microsoft.containerservice/managedclusters","northeurope","Enabled","","","{""environment"":""sbx"",""owner"":""team-platform"",""costCenter"":""CC1011"",""workload"":""contoso-ml"",""dataClassification"":""internal""}"
"55555555-5555-5555-5555-555555555555","rg-contoso-data-sbx-northeurope-001","aks-contoso-data-sbx-001","microsoft.containerservice/managedclusters","northeurope","Enabled","","","{""environment"":""sbx"",""owner"":""team-hr"",""costCenter"":""CC1035""}"
"22222222-2222-2222-2222-222222222222","rg-marketing-cms-prod-eastus2-001","aks-marketing-cms-prod-001","microsoft.containerservice/managedclusters","eastus2","Disabled","","","{""environment"":""prod"",""owner"":""team-marketing"",""costCenter"":""CC1036"",""dataClassification"":""internal""}"
"44444444-4444-4444-4444-444444444444","rg-fabrikam-iot-prod-eastus-001","aks-fabrikam-iot-prod-002","microsoft.containerservice/managedclusters","eastus","Disabled","","","{""environment"":""prod"",""owner"":""team-iot"",""costCenter"":""CC1006"",""dataClassification"":""restricted""}"
"11111111-1111-1111-1111-111111111111","rg-marketing-cms-prod-westus3-001","aks-marketing-cms-prod-002","microsoft.containerservice/managedclusters","westus3","Disabled","","","{""environment"":""prod"",""owner"":""team-iot"",""costCenter"":""CC1037"",""workload"":""marketing-cms""}"
"33333333-3333-3333-3333-333333333333","rg-contoso-ml-nonprod-northeurope-001","aks-contoso-ml-nonprod-001","microsoft.containerservice/managedclusters","northeurope","Enabled","","","{""environment"":""nonprod"",""owner"":""team-security"",""costCenter"":""CC1030"",""workload"":""contoso-ml""}"
"44444444-4444-4444-4444-444444444444","rg-finance-ledger-prod-northeurope-001","aks-finance-ledger-prod-001","microsoft.containerservice/managedclusters","northeurope","Enabled","","","{""environment"":""prod"",""owner"":""team-data"",""costCenter"":""CC1027""}"
"33333333-3333-3333-3333-333333333333","rg-platform-shared-nonprod-eastus-001","app-platform-shared-nonprod-001","microsoft.web/sites","eastus","Disabled","","","{""environment"":""nonprod"",""owner"":""team-security"",""costCenter"":""CC1024"",""workload"":""platform-shared""}"
"33333333-3333-3333-3333-333333333333","rg-contoso-api-nonprod-eastus2-001","app-contoso-api-nonprod-001","microsoft.web/sites","eastus2","Disabled","","","{""environment"":""nonprod"",""owner"":""team-hr"",""costCenter"":""CC1031"",""dataClassification"":""confidential""}"
"22222222-2222-2222-2222-222222222222","rg-trader-desk-prod-northeurope-001","app-trader-desk-prod-001","microsoft.web/sites","northeurope","Enabled","","","{""environment"":""prod"",""owner"":""team-platform"",""costCenter"":""CC1038""}"
"22222222-2222-2222-2222-222222222222","rg-contoso-web-prod-northeurope-001","app-contoso-web-prod-001","microsoft.web/sites","northeurope","Disabled","","","{""environment"":""prod"",""owner"":""team-marketing"",""costCenter"":""CC1016"",""dataClassification"":""confidential""}"
"22222222-2222-2222-2222-222222222222","rg-contoso-shop-prod-northeurope-001","app-contoso-shop-prod-001","microsoft.web/sites","northeurope","Disabled","","","{""environment"":""prod"",""owner"":""team-iot"",""costCenter"":""CC1025"",""workload"":""contoso-shop"",""dataClassification"":""public""}"
"11111111-1111-1111-1111-111111111111","rg-trader-desk-prod-eastus2-001","app-trader-desk-prod-002","microsoft.web/sites","eastus2","Disabled","","","{""environment"":""prod"",""owner"":""team-finance"",""costCenter"":""CC1026"",""workload"":""trader-desk""}"
"22222222-2222-2222-2222-222222222222","rg-claims-engine-prod-eastus-001","app-claims-engine-prod-001","microsoft.web/sites","eastus","Enabled","","","{""environment"":""prod"",""owner"":""team-marketing"",""costCenter"":""CC1013"",""workload"":""claims-engine"",""dataClassification"":""internal""}"
"55555555-5555-5555-5555-555555555555","rg-platform-shared-sbx-eastus2-001","app-platform-shared-sbx-001","microsoft.web/sites","eastus2","Enabled","","","{""environment"":""sbx"",""owner"":""team-security"",""costCenter"":""CC1048"",""workload"":""platform-shared"",""dataClassification"":""confidential""}"
"33333333-3333-3333-3333-333333333333","rg-contoso-api-nonprod-eastus-001","app-contoso-api-nonprod-002","microsoft.web/sites","eastus","Disabled","","","{""environment"":""nonprod"",""owner"":""team-hr"",""costCenter"":""CC1028"",""workload"":""contoso-api""}"
"11111111-1111-1111-1111-111111111111","rg-contoso-api-prod-eastus-001","app-contoso-api-prod-001","microsoft.web/sites","eastus","Disabled","","","{""environment"":""prod"",""owner"":""team-finance"",""costCenter"":""CC1002""}"
"22222222-2222-2222-2222-222222222222","rg-contoso-shop-prod-westeurope-001","app-contoso-shop-prod-002","microsoft.web/sites","westeurope","Enabled","","","{""environment"":""prod"",""owner"":""team-finance"",""costCenter"":""CC1040"",""dataClassification"":""confidential""}"
"55555555-5555-5555-5555-555555555555","rg-contoso-web-sbx-eastus-001","app-contoso-web-sbx-001","microsoft.web/sites","eastus","Enabled","","","{""environment"":""sbx"",""owner"":""team-ml"",""costCenter"":""CC1039"",""dataClassification"":""internal""}"
"44444444-4444-4444-4444-444444444444","rg-trader-desk-prod-eastus-001","app-trader-desk-prod-003","microsoft.web/sites","eastus","Disabled","","","{""environment"":""prod"",""owner"":""team-finance"",""costCenter"":""CC1044"",""workload"":""trader-desk""}"
"33333333-3333-3333-3333-333333333333","rg-platform-shared-nonprod-eastus-001","app-platform-shared-nonprod-002","microsoft.web/sites","eastus","SecuredByPerimeter","","","{""environment"":""nonprod"",""owner"":""team-finance"",""costCenter"":""CC1011"",""workload"":""platform-shared"",""dataClassification"":""restricted""}"
"55555555-5555-5555-5555-555555555555","rg-contoso-api-sbx-eastus2-001","app-contoso-api-sbx-001","microsoft.web/sites","eastus2","Enabled","","","{""environment"":""sbx"",""owner"":""team-hr"",""costCenter"":""CC1039""}"
"22222222-2222-2222-2222-222222222222","rg-marketing-cms-prod-eastus2-001","app-marketing-cms-prod-001","microsoft.web/sites","eastus2","Disabled","","","{""environment"":""prod"",""owner"":""team-data"",""costCenter"":""CC1027"",""workload"":""marketing-cms""}"
"44444444-4444-4444-4444-444444444444","rg-fabrikam-iot-prod-westus3-001","app-fabrikam-iot-prod-001","microsoft.web/sites","westus3","Disabled","","","{""environment"":""prod"",""owner"":""team-security"",""costCenter"":""CC1005"",""workload"":""fabrikam-iot""}"
"44444444-4444-4444-4444-444444444444","rg-contoso-web-prod-westus2-001","app-contoso-web-prod-002","microsoft.web/sites","westus2","Disabled","","","{""environment"":""prod"",""owner"":""team-platform"",""costCenter"":""CC1031"",""workload"":""contoso-web"",""dataClassification"":""confidential""}"
"33333333-3333-3333-3333-333333333333","rg-contoso-ml-nonprod-westus2-001","app-contoso-ml-nonprod-001","microsoft.web/sites","westus2","SecuredByPerimeter","","","{""environment"":""nonprod"",""owner"":""team-iot"",""costCenter"":""CC1030"",""workload"":""contoso-ml""}"
"22222222-2222-2222-2222-222222222222","rg-marketing-cms-prod-northeurope-001","app-marketing-cms-prod-002","microsoft.web/sites","northeurope","Disabled","","","{""environment"":""prod"",""owner"":""team-marketing"",""costCenter"":""CC1026"",""workload"":""marketing-cms""}"
"11111111-1111-1111-1111-111111111111","rg-contoso-api-prod-westus3-001","app-contoso-api-prod-002","microsoft.web/sites","westus3","Disabled","","","{""environment"":""prod"",""owner"":""team-platform"",""costCenter"":""CC1004"",""workload"":""contoso-api""}"
"11111111-1111-1111-1111-111111111111","rg-marketing-cms-prod-eastus2-001","app-marketing-cms-prod-003","microsoft.web/sites","eastus2","Disabled","","","{""environment"":""prod"",""owner"":""team-hr"",""costCenter"":""CC1034""}"
"22222222-2222-2222-2222-222222222222","rg-contoso-shop-prod-northeurope-001","app-contoso-shop-prod-003","microsoft.web/sites","northeurope","Disabled","","","{""environment"":""prod"",""owner"":""team-iot"",""costCenter"":""CC1033""}"
"55555555-5555-5555-5555-555555555555","rg-contoso-web-sbx-northeurope-001","app-contoso-web-sbx-002","microsoft.web/sites","northeurope","Enabled","","","{""environment"":""sbx"",""owner"":""team-marketing"",""costCenter"":""CC1025"",""workload"":""contoso-web""}"
"44444444-4444-4444-4444-444444444444","rg-contoso-api-prod-westus2-001","app-contoso-api-prod-003","microsoft.web/sites","westus2","Disabled","","","{""environment"":""prod"",""owner"":""team-marketing"",""costCenter"":""CC1008"",""workload"":""contoso-api""}"
"33333333-3333-3333-3333-333333333333","rg-contoso-data-nonprod-westeurope-001","app-contoso-data-nonprod-001","microsoft.web/sites","westeurope","Disabled","","","{""environment"":""nonprod"",""owner"":""team-ml"",""costCenter"":""CC1026"",""workload"":""contoso-data"",""dataClassification"":""internal""}"
"44444444-4444-4444-4444-444444444444","rg-contoso-api-prod-westus2-001","app-contoso-api-prod-004","microsoft.web/sites","westus2","Disabled","","","{""environment"":""prod"",""owner"":""team-platform"",""costCenter"":""CC1042"",""workload"":""contoso-api"",""dataClassification"":""internal""}"
"22222222-2222-2222-2222-222222222222","rg-contoso-api-prod-westeurope-001","app-contoso-api-prod-005","microsoft.web/sites","westeurope","Disabled","","","{""environment"":""prod"",""owner"":""team-finance"",""costCenter"":""CC1016"",""workload"":""contoso-api""}"
"44444444-4444-4444-4444-444444444444","rg-contoso-api-prod-westeurope-001","app-contoso-api-prod-006","microsoft.web/sites","westeurope","Disabled","","","{""environment"":""prod"",""owner"":""team-data"",""costCenter"":""CC1026"",""workload"":""contoso-api""}"
"22222222-2222-2222-2222-222222222222","rg-claims-engine-prod-westus2-001","app-claims-engine-prod-002","microsoft.web/sites","westus2","SecuredByPerimeter","","","{""environment"":""prod"",""owner"":""team-hr"",""costCenter"":""CC1022"",""workload"":""claims-engine"",""dataClassification"":""internal""}"
"55555555-5555-5555-5555-555555555555","rg-finance-ledger-sbx-westeurope-001","app-finance-ledger-sbx-001","microsoft.web/sites","westeurope","SecuredByPerimeter","","","{""environment"":""sbx"",""owner"":""team-web"",""costCenter"":""CC1011"",""workload"":""finance-ledger""}"
"22222222-2222-2222-2222-222222222222","rg-finance-ledger-prod-eastus-001","app-finance-ledger-prod-001","microsoft.web/sites","eastus","Disabled","","","{""environment"":""prod"",""owner"":""team-marketing"",""costCenter"":""CC1025"",""workload"":""finance-ledger""}"
"11111111-1111-1111-1111-111111111111","rg-marketing-cms-prod-eastus2-001","app-marketing-cms-prod-004","microsoft.web/sites","eastus2","Enabled","","","{""environment"":""prod"",""owner"":""team-marketing"",""costCenter"":""CC1011"",""workload"":""marketing-cms"",""dataClassification"":""public""}"
"44444444-4444-4444-4444-444444444444","rg-contoso-data-prod-westeurope-001","app-contoso-data-prod-001","microsoft.web/sites","westeurope","Enabled","","","{""environment"":""prod"",""owner"":""team-platform"",""costCenter"":""CC1012"",""workload"":""contoso-data""}"
"11111111-1111-1111-1111-111111111111","rg-claims-engine-prod-eastus-001","app-claims-engine-prod-003","microsoft.web/sites","eastus","Enabled","","","{""environment"":""prod"",""owner"":""team-security"",""costCenter"":""CC1016"",""dataClassification"":""restricted""}"
"55555555-5555-5555-5555-555555555555","rg-contoso-shop-sbx-northeurope-001","app-contoso-shop-sbx-001","microsoft.web/sites","northeurope","Enabled","","","{""environment"":""sbx"",""owner"":""team-finance"",""costCenter"":""CC1037"",""workload"":""contoso-shop""}"
"22222222-2222-2222-2222-222222222222","rg-contoso-api-prod-eastus-001","app-contoso-api-prod-007","microsoft.web/sites","eastus","Disabled","","","{""environment"":""prod"",""owner"":""team-platform"",""costCenter"":""CC1016"",""dataClassification"":""internal""}"
"11111111-1111-1111-1111-111111111111","rg-fabrikam-iot-prod-eastus2-001","app-fabrikam-iot-prod-002","microsoft.web/sites","eastus2","Disabled","","","{""environment"":""prod"",""owner"":""team-web"",""costCenter"":""CC1017"",""workload"":""fabrikam-iot""}"
"11111111-1111-1111-1111-111111111111","rg-contoso-shop-prod-eastus-001","app-contoso-shop-prod-004","microsoft.web/sites","eastus","Disabled","","","{""environment"":""prod"",""owner"":""team-finance"",""costCenter"":""CC1006"",""workload"":""contoso-shop""}"
"22222222-2222-2222-2222-222222222222","rg-hr-portal-prod-westeurope-001","app-hr-portal-prod-001","microsoft.web/sites","westeurope","Disabled","","","{""environment"":""prod"",""owner"":""team-web"",""costCenter"":""CC1048"",""dataClassification"":""internal""}"
"33333333-3333-3333-3333-333333333333","rg-contoso-api-nonprod-westeurope-001","app-contoso-api-nonprod-003","microsoft.web/sites","westeurope","Enabled","","","{""environment"":""nonprod"",""owner"":""team-platform"",""costCenter"":""CC1037""}"
"44444444-4444-4444-4444-444444444444","rg-hr-portal-prod-eastus2-001","app-hr-portal-prod-002","microsoft.web/sites","eastus2","Enabled","","","{""environment"":""prod"",""owner"":""team-platform"",""costCenter"":""CC1019"",""workload"":""hr-portal""}"
"44444444-4444-4444-4444-444444444444","rg-contoso-ml-prod-northeurope-001","app-contoso-ml-prod-001","microsoft.web/sites","northeurope","Disabled","","","{""environment"":""prod"",""owner"":""team-finance"",""costCenter"":""CC1014"",""workload"":""contoso-ml""}"
"33333333-3333-3333-3333-333333333333","rg-marketing-cms-nonprod-westeurope-001","app-marketing-cms-nonprod-001","microsoft.web/sites","westeurope","Disabled","","","{""environment"":""nonprod"",""owner"":""team-marketing"",""costCenter"":""CC1000""}"
"11111111-1111-1111-1111-111111111111","rg-contoso-data-prod-westus2-001","app-contoso-data-prod-002","microsoft.web/sites","westus2","Disabled","","","{""environment"":""prod"",""owner"":""team-marketing"",""costCenter"":""CC1043"",""workload"":""contoso-data""}"
"44444444-4444-4444-4444-444444444444","rg-trader-desk-prod-eastus-001","app-trader-desk-prod-004","microsoft.web/sites","eastus","Disabled","","","{""environment"":""prod"",""owner"":""team-finance"",""costCenter"":""CC1037""}"
"55555555-5555-5555-5555-555555555555","rg-platform-shared-sbx-eastus2-001","app-platform-shared-sbx-002","microsoft.web/sites","eastus2","Enabled","","","{""environment"":""sbx"",""owner"":""team-platform"",""costCenter"":""CC1016"",""workload"":""platform-shared""}"
"55555555-5555-5555-5555-555555555555","rg-claims-engine-sbx-westus2-001","app-claims-engine-sbx-001","microsoft.web/sites","westus2","Enabled","","","{""environment"":""sbx"",""owner"":""team-marketing"",""costCenter"":""CC1008"",""workload"":""claims-engine""}"
"22222222-2222-2222-2222-222222222222","rg-contoso-shop-prod-westus3-001","app-contoso-shop-prod-005","microsoft.web/sites","westus3","SecuredByPerimeter","","","{""environment"":""prod"",""owner"":""team-iot"",""costCenter"":""CC1033"",""dataClassification"":""internal""}"
"33333333-3333-3333-3333-333333333333","rg-contoso-web-nonprod-northeurope-001","app-contoso-web-nonprod-001","microsoft.web/sites","northeurope","Enabled","","","{""environment"":""nonprod"",""owner"":""team-hr"",""costCenter"":""CC1011""}"
"11111111-1111-1111-1111-111111111111","rg-platform-shared-prod-westus2-001","app-platform-shared-prod-001","microsoft.web/sites","westus2","Enabled","","","{""environment"":""prod"",""owner"":""team-platform"",""costCenter"":""CC1001"",""workload"":""platform-shared"",""dataClassification"":""restricted""}"
"55555555-5555-5555-5555-555555555555","rg-trader-desk-sbx-westus3-001","app-trader-desk-sbx-001","microsoft.web/sites","westus3","Enabled","","","{""environment"":""sbx"",""owner"":""team-finance"",""costCenter"":""CC1048"",""workload"":""trader-desk""}"
"11111111-1111-1111-1111-111111111111","rg-contoso-data-prod-eastus-001","app-contoso-data-prod-003","microsoft.web/sites","eastus","Disabled","","","{""environment"":""prod"",""owner"":""team-finance"",""costCenter"":""CC1017""}"
"44444444-4444-4444-4444-444444444444","rg-contoso-web-prod-westeurope-001","app-contoso-web-prod-003","microsoft.web/sites","westeurope","Disabled","","","{""environment"":""prod"",""owner"":""team-ml"",""costCenter"":""CC1047"",""workload"":""contoso-web"",""dataClassification"":""confidential""}"
"55555555-5555-5555-5555-555555555555","rg-contoso-api-sbx-northeurope-001","app-contoso-api-sbx-002","microsoft.web/sites","northeurope","Enabled","","","{""environment"":""sbx"",""owner"":""team-finance"",""costCenter"":""CC1048"",""workload"":""contoso-api""}"
"11111111-1111-1111-1111-111111111111","rg-hr-portal-prod-eastus-001","app-hr-portal-prod-003","microsoft.web/sites","eastus","Disabled","","","{""environment"":""prod"",""owner"":""team-marketing"",""costCenter"":""CC1031"",""workload"":""hr-portal"",""dataClassification"":""confidential""}"
"11111111-1111-1111-1111-111111111111","rg-contoso-data-prod-westus3-001","app-contoso-data-prod-004","microsoft.web/sites","westus3","Enabled","","","{""environment"":""prod"",""owner"":""team-platform"",""costCenter"":""CC1028"",""workload"":""contoso-data"",""dataClassification"":""internal""}"
"44444444-4444-4444-4444-444444444444","rg-hr-portal-prod-westus3-001","app-hr-portal-prod-004","microsoft.web/sites","westus3","Enabled","","","{""environment"":""prod"",""owner"":""team-hr"",""costCenter"":""CC1022"",""workload"":""hr-portal"",""dataClassification"":""internal""}"
"11111111-1111-1111-1111-111111111111","rg-finance-ledger-prod-westeurope-001","app-finance-ledger-prod-002","microsoft.web/sites","westeurope","SecuredByPerimeter","","","{""environment"":""prod"",""owner"":""team-finance"",""costCenter"":""CC1008"",""workload"":""finance-ledger""}"
"44444444-4444-4444-4444-444444444444","rg-marketing-cms-prod-westeurope-001","app-marketing-cms-prod-005","microsoft.web/sites","westeurope","Enabled","","","{""environment"":""prod"",""owner"":""team-hr"",""costCenter"":""CC1010"",""workload"":""marketing-cms"",""dataClassification"":""public""}"
"11111111-1111-1111-1111-111111111111","rg-trader-desk-prod-westus2-001","app-trader-desk-prod-005","microsoft.web/sites","westus2","Disabled","","","{""environment"":""prod"",""owner"":""team-web"",""costCenter"":""CC1018"",""workload"":""trader-desk"",""dataClassification"":""internal""}"
"55555555-5555-5555-5555-555555555555","rg-contoso-shop-sbx-westus3-001","app-contoso-shop-sbx-002","microsoft.web/sites","westus3","Enabled","","","{""environment"":""sbx"",""owner"":""team-data"",""costCenter"":""CC1001"",""workload"":""contoso-shop""}"
"11111111-1111-1111-1111-111111111111","rg-fabrikam-iot-prod-eastus2-001","app-fabrikam-iot-prod-003","microsoft.web/sites","eastus2","Disabled","","","{""environment"":""prod"",""owner"":""team-hr"",""costCenter"":""CC1009"",""workload"":""fabrikam-iot"",""dataClassification"":""confidential""}"
"11111111-1111-1111-1111-111111111111","rg-hr-portal-prod-westus2-001","app-hr-portal-prod-005","microsoft.web/sites","westus2","Disabled","","","{""environment"":""prod"",""owner"":""team-web"",""costCenter"":""CC1001"",""workload"":""hr-portal"",""dataClassification"":""confidential""}"
"22222222-2222-2222-2222-222222222222","rg-hr-portal-prod-eastus-001","app-hr-portal-prod-006","microsoft.web/sites","eastus","Disabled","","","{""environment"":""prod"",""owner"":""team-ml"",""costCenter"":""CC1027"",""workload"":""hr-portal"",""dataClassification"":""confidential""}"
"11111111-1111-1111-1111-111111111111","rg-finance-ledger-prod-westeurope-001","app-finance-ledger-prod-003","microsoft.web/sites","westeurope","Enabled","","","{""environment"":""prod"",""owner"":""team-iot"",""costCenter"":""CC1028""}"
"55555555-5555-5555-5555-555555555555","rg-trader-desk-sbx-eastus2-001","app-trader-desk-sbx-002","microsoft.web/sites","eastus2","Enabled","","","{""environment"":""sbx"",""owner"":""team-iot"",""costCenter"":""CC1028"",""workload"":""trader-desk""}"
"22222222-2222-2222-2222-222222222222","rg-hr-portal-prod-eastus-001","app-hr-portal-prod-007","microsoft.web/sites","eastus","Enabled","","","{""environment"":""prod"",""owner"":""team-platform"",""costCenter"":""CC1015""}"
"11111111-1111-1111-1111-111111111111","rg-hr-portal-prod-westus3-001","app-hr-portal-prod-008","microsoft.web/sites","westus3","Disabled","","","{""environment"":""prod"",""owner"":""team-platform"",""costCenter"":""CC1048"",""dataClassification"":""internal""}"
"44444444-4444-4444-4444-444444444444","rg-contoso-api-prod-westeurope-001","app-contoso-api-prod-008","microsoft.web/sites","westeurope","Disabled","","","{""environment"":""prod"",""owner"":""team-hr"",""costCenter"":""CC1033"",""workload"":""contoso-api""}"
"33333333-3333-3333-3333-333333333333","rg-hr-portal-nonprod-westus3-001","app-hr-portal-nonprod-001","microsoft.web/sites","westus3","Enabled","","","{""environment"":""nonprod"",""owner"":""team-web"",""costCenter"":""CC1039"",""workload"":""hr-portal"",""dataClassification"":""public""}"
"22222222-2222-2222-2222-222222222222","rg-contoso-ml-prod-westus3-001","app-contoso-ml-prod-002","microsoft.web/sites","westus3","Disabled","","","{""environment"":""prod"",""owner"":""team-security"",""costCenter"":""CC1031"",""dataClassification"":""confidential""}"
"44444444-4444-4444-4444-444444444444","rg-platform-shared-prod-northeurope-001","app-platform-shared-prod-002","microsoft.web/sites","northeurope","Disabled","","","{""environment"":""prod"",""owner"":""team-web"",""costCenter"":""CC1041"",""workload"":""platform-shared""}"
"44444444-4444-4444-4444-444444444444","rg-contoso-ml-prod-northeurope-001","app-contoso-ml-prod-003","microsoft.web/sites","northeurope","Disabled","","","{""environment"":""prod"",""owner"":""team-web"",""costCenter"":""CC1018"",""workload"":""contoso-ml""}"
"11111111-1111-1111-1111-111111111111","rg-claims-engine-prod-eastus2-001","app-claims-engine-prod-004","microsoft.web/sites","eastus2","Enabled","","","{""environment"":""prod"",""owner"":""team-iot"",""costCenter"":""CC1047"",""dataClassification"":""confidential""}"
"55555555-5555-5555-5555-555555555555","rg-hr-portal-sbx-westus3-001","app-hr-portal-sbx-001","microsoft.web/sites","westus3","Enabled","","","{""environment"":""sbx"",""owner"":""team-marketing"",""costCenter"":""CC1011"",""workload"":""hr-portal""}"
"11111111-1111-1111-1111-111111111111","rg-hr-portal-prod-eastus-001","app-hr-portal-prod-009","microsoft.web/sites","eastus","Disabled","","","{""environment"":""prod"",""owner"":""team-marketing"",""costCenter"":""CC1033"",""workload"":""hr-portal""}"
"44444444-4444-4444-4444-444444444444","rg-contoso-api-prod-westeurope-001","app-contoso-api-prod-009","microsoft.web/sites","westeurope","Enabled","","","{""environment"":""prod"",""owner"":""team-security"",""costCenter"":""CC1024"",""workload"":""contoso-api"",""dataClassification"":""internal""}"
"11111111-1111-1111-1111-111111111111","rg-contoso-api-prod-eastus-001","app-contoso-api-prod-010","microsoft.web/sites","eastus","Disabled","","","{""environment"":""prod"",""owner"":""team-web"",""costCenter"":""CC1027""}"
"33333333-3333-3333-3333-333333333333","rg-contoso-api-nonprod-westeurope-001","app-contoso-api-nonprod-004","microsoft.web/sites","westeurope","Disabled","","","{""environment"":""nonprod"",""owner"":""team-hr"",""costCenter"":""CC1002""}"
"22222222-2222-2222-2222-222222222222","rg-contoso-shop-prod-eastus-001","stcontosoprodbackup01","microsoft.storage/storageaccounts","eastus","Enabled","Allow","TLS1_0","{""environment"":""prod"",""owner"":""team-platform"",""costCenter"":""CC1003"",""dataClassification"":""restricted""}"
"44444444-4444-4444-4444-444444444444","rg-finance-ledger-prod-eastus2-001","kv-finance-prod-099","microsoft.keyvault/vaults","eastus2","Enabled","Allow","","{""environment"":""prod"",""owner"":""team-finance"",""costCenter"":""CC1011"",""dataClassification"":""confidential""}"
"22222222-2222-2222-2222-222222222222","rg-claims-engine-prod-westeurope-001","sql-claims-prod-077","microsoft.sql/servers","westeurope","Enabled","","TLS1_0","{""environment"":""prod"",""owner"":""team-platform"",""costCenter"":""CC1019""}"
"22222222-2222-2222-2222-222222222222","rg-trader-desk-prod-westus2-001","cog-trader-prod-044","microsoft.cognitiveservices/accounts","westus2","Enabled","Allow","","{""environment"":""prod"",""owner"":""team-ml"",""costCenter"":""CC1022"",""dataClassification"":""confidential""}"
"44444444-4444-4444-4444-444444444444","rg-hr-portal-prod-eastus-001","cosmos-hr-prod-012","microsoft.documentdb/databaseaccounts","eastus","Enabled","Allow","","{""environment"":""prod"",""owner"":""team-hr"",""costCenter"":""CC1031"",""dataClassification"":""restricted""}"
"22222222-2222-2222-2222-222222222222","rg-marketing-cms-prod-eastus-001","app-marketing-prod-018","microsoft.web/sites","eastus","Enabled","","","{""environment"":""prod"",""owner"":""team-marketing"",""costCenter"":""CC1015""}"
